Age Group Public,* Age Group Percent Vaccinated,Age Group Public
0 - 11,0.000004177205407810121,0 - 11
12 - 15,0.2411252914173096,12 - 15
16 - 17,0.334766735273939,16 - 17
18 - 19,0.35973361342659845,18 - 19
20 - 29,0.38076678147936396,20 - 29
30 - 39,0.4745060451152223,30 - 39
40 - 49,0.538495616876824,40 - 49
50 - 59,0.603798272454173,50 - 59
60 - 64,0.7158233347326493,60 - 64
65+,0.8115828803119247,65+
