Age Group Public,* Age Group Percent Vaccinated,Age Group Public
0 - 11,0.000006265808111715182,0 - 11
12 - 15,0.3039933184319946,12 - 15
16 - 17,0.3786508869940214,16 - 17
18 - 19,0.39166871522113219,18 - 19
20 - 29,0.4017305573761348,20 - 29
30 - 39,0.4963460524180461,30 - 39
40 - 49,0.5613304980091816,40 - 49
50 - 59,0.6243992437874405,50 - 59
60 - 64,0.7334644785270085,60 - 64
65+,0.8207590504815953,65+
