Age Group Public,* Age Group Percent Vaccinated,Age Group Public
0 - 11,0.000004177205407810121,0 - 11
12 - 15,0.1689018674742231,12 - 15
16 - 17,0.28661913162795257,16 - 17
18 - 19,0.3227143719132009,18 - 19
20 - 29,0.3543738059711899,20 - 29
30 - 39,0.4482615222330412,30 - 39
40 - 49,0.5122522552456266,40 - 49
50 - 59,0.5795680882349219,50 - 59
60 - 64,0.6943649871620896,60 - 64
65+,0.798542012536305,65+
