Age Group Public,* Age Group Percent Vaccinated,Age Group Public
0 - 11,0.000018797424335145543,0 - 11
12 - 15,0.33567668901867478,12 - 15
16 - 17,0.40081348622954035,16 - 17
18 - 19,0.40490982635707425,18 - 19
20 - 29,0.41201024482529416,20 - 29
30 - 39,0.5082207481337229,30 - 39
40 - 49,0.5723672187795923,40 - 49
50 - 59,0.6338291232945357,50 - 59
60 - 64,0.7411184114184183,60 - 64
65+,0.8245152399657114,65+
