Age Group Public,* Age Group Percent Vaccinated,Age Group Public
0 - 11,0.000004177205407810121,0 - 11
12 - 15,0.22907803975292619,12 - 15
16 - 17,0.3261785749289425,16 - 17
18 - 19,0.35266051355398128,18 - 19
20 - 29,0.37614405972119577,20 - 29
30 - 39,0.46971610272638755,30 - 39
40 - 49,0.5336805497870738,40 - 49
50 - 59,0.599075740205048,50 - 59
60 - 64,0.7122013843465357,60 - 64
65+,0.8093801654387164,65+
