Age Group Public,* Age Group Percent Vaccinated,Age Group Public
0 - 11,0.000018797424335145543,0 - 11
12 - 15,0.32169466676280436,12 - 15
16 - 17,0.3914167401744585,16 - 17
18 - 19,0.39868594542650906,18 - 19
20 - 29,0.407282936602009,20 - 29
30 - 39,0.5029642364492049,30 - 39
40 - 49,0.5676241423421328,40 - 49
50 - 59,0.6298051006385289,50 - 59
60 - 64,0.7376331384053656,60 - 64
65+,0.8229183621060703,65+
