Age Group Public,* Age Group Percent Vaccinated,Age Group Public
0 - 11,0.000004177205407810121,0 - 11
12 - 15,0.19687792919460668,12 - 15
16 - 17,0.3048245614035088,16 - 17
18 - 19,0.33574317831363,18 - 19
20 - 29,0.364765052316474,20 - 29
30 - 39,0.45869847452125936,30 - 39
40 - 49,0.5224887722271139,40 - 49
50 - 59,0.5888562411579063,50 - 59
60 - 64,0.7027364762620691,60 - 64
65+,0.8019817199984085,65+
