Age Group Public,* Age Group Percent Vaccinated,Age Group Public
0 - 11,0.000004177205407810121,0 - 11
12 - 15,0.2337707597279304,12 - 15
16 - 17,0.329645692443399,16 - 17
18 - 19,0.35529756184772168,18 - 19
20 - 29,0.3778406845997592,20 - 29
30 - 39,0.4714378448555664,30 - 39
40 - 49,0.5354194009270181,40 - 49
50 - 59,0.6009030008073354,50 - 59
60 - 64,0.7136511407679316,60 - 64
65+,0.810284399787324,65+
