Age Group Public,* Age Group Percent Vaccinated,Age Group Public
0 - 11,0.000006265808111715182,0 - 11
12 - 15,0.2688009229216238,12 - 15
16 - 17,0.35401352543369599,16 - 17
18 - 19,0.37565646859007309,18 - 19
20 - 29,0.39059790920035516,20 - 29
30 - 39,0.48431414313534568,30 - 39
40 - 49,0.5488511953217151,40 - 49
50 - 59,0.6134129026869842,50 - 59
60 - 64,0.7238726557389853,60 - 64
65+,0.815868951124325,65+
