Age Group Public,* Age Group Percent Vaccinated,Age Group Public
0 - 11,0.000025063232446860727,0 - 11
12 - 15,0.36593602038118586,12 - 15
16 - 17,0.42367440948740567,16 - 17
18 - 19,0.4207544639864125,18 - 19
20 - 29,0.4271450683995482,20 - 29
30 - 39,0.5241525681596884,30 - 39
40 - 49,0.5874132651083459,40 - 49
50 - 59,0.6461897060944962,50 - 59
60 - 64,0.7508566742490066,60 - 64
65+,0.8295753353805199,65+
