Age Group Public,* Age Group Percent Vaccinated,Age Group Public
0 - 11,0.000004177205407810121,0 - 11
12 - 15,0.20488739875501719,12 - 15
16 - 17,0.30973733215720869,16 - 17
18 - 19,0.33943057635148729,18 - 19
20 - 29,0.3672449136115798,20 - 29
30 - 39,0.4609552499188575,30 - 39
40 - 49,0.5249170723063036,40 - 49
50 - 59,0.591080842362076,50 - 59
60 - 64,0.7050599916041043,60 - 64
65+,0.805647486047664,65+
