Age Group Public,* Age Group Percent Vaccinated,Age Group Public
0 - 11,0.000006265808111715182,0 - 11
12 - 15,0.2860816689499363,12 - 15
16 - 17,0.3660565519945114,16 - 17
18 - 19,0.38364583100543056,18 - 19
20 - 29,0.3955413627848819,20 - 29
30 - 39,0.4894895123336579,30 - 39
40 - 49,0.5542144989173713,40 - 49
50 - 59,0.618049386652899,50 - 59
60 - 64,0.7281584676513946,60 - 64
65+,0.8181765571819717,65+
