Age Group Public,* Age Group Percent Vaccinated,Age Group Public
0 - 11,0.000004177205407810121,0 - 11
12 - 15,0.2172891580743625,12 - 15
16 - 17,0.31828873860629228,16 - 17
18 - 19,0.3462913714885914,18 - 19
20 - 29,0.3718420697893861,20 - 29
30 - 39,0.4656209428756897,30 - 39
40 - 49,0.5294663277568267,40 - 49
50 - 59,0.5953073315668127,50 - 59
60 - 64,0.7086721793207135,60 - 64
65+,0.8075481866484373,65+
