Age Group Public,* Age Group Percent Vaccinated,Age Group Public
0 - 11,0.000004177205407810121,0 - 11
12 - 15,0.17983151873482829,12 - 15
16 - 17,0.29329608938547488,16 - 17
18 - 19,0.32720629315931795,18 - 19
20 - 29,0.3576392278265073,20 - 29
30 - 39,0.45144382911392408,30 - 39
40 - 49,0.5153035513542549,40 - 49
50 - 59,0.5824962606959282,50 - 59
60 - 64,0.6971522293055813,60 - 64
65+,0.7998459184669973,65+
