Age Group Public,* Age Group Percent Vaccinated,Age Group Public
0 - 11,0.000004177205407810121,0 - 11
12 - 15,0.19368736029994955,12 - 15
16 - 17,0.302754091933745,16 - 17
18 - 19,0.33426821909848705,18 - 19
20 - 29,0.36393068473920789,20 - 29
30 - 39,0.4579656564427134,30 - 39
40 - 49,0.521766096832965,40 - 49
50 - 59,0.5882058173701114,50 - 59
60 - 64,0.7020433267272603,60 - 64
65+,0.8016381109459376,65+
