Age Group Public,* Age Group Percent Vaccinated,Age Group Public
0 - 11,0.000004177205407810121,0 - 11
12 - 15,0.18220491744177665,12 - 15
16 - 17,0.2950112711947466,16 - 17
18 - 19,0.3290611661116946,18 - 19
20 - 29,0.3594148735898258,20 - 29
30 - 39,0.45359156929568325,30 - 39
40 - 49,0.5173109830046683,40 - 49
50 - 59,0.5842754354928922,50 - 59
60 - 64,0.6986312737354903,60 - 64
65+,0.8002763340169345,65+
