Age Group Public,* Age Group Percent Vaccinated,Age Group Public
0 - 11,0.000004177205407810121,0 - 11
12 - 15,0.20227365587521332,12 - 15
16 - 17,0.3080711555424875,16 - 17
18 - 19,0.3381344000715132,18 - 19
20 - 29,0.3664942152064072,20 - 29
30 - 39,0.46032893135345667,30 - 39
40 - 49,0.5241473261010416,40 - 49
50 - 59,0.5903469011229301,50 - 59
60 - 64,0.7044693500990911,60 - 64
65+,0.8053255786195597,65+
