Age Group Public,* Age Group Percent Vaccinated,Age Group Public
0 - 11,0.000004177205407810121,0 - 11
12 - 15,0.23983945009253253,12 - 15
16 - 17,0.33377438008428897,16 - 17
18 - 19,0.359007307752475,18 - 19
20 - 29,0.3802624423031334,20 - 29
30 - 39,0.47387719084712756,30 - 39
40 - 49,0.5379363048859502,40 - 49
50 - 59,0.6033174144009395,50 - 59
60 - 64,0.715393777274458,60 - 64
65+,0.8112971422577646,65+
