Age Group Public,* Age Group Percent Vaccinated,Age Group Public
0 - 11,0.000004177205407810121,0 - 11
12 - 15,0.24379912034032737,12 - 15
16 - 17,0.3364084092913849,16 - 17
18 - 19,0.36136500771001409,18 - 19
20 - 29,0.3819799844747203,20 - 29
30 - 39,0.47563696851671535,30 - 39
40 - 49,0.5397471466781851,40 - 49
50 - 59,0.6048207285252589,50 - 59
60 - 64,0.7168044830178364,60 - 64
65+,0.8120765922662645,65+
