Age Group Public,* Age Group Percent Vaccinated,Age Group Public
0 - 11,0.000004177205407810121,0 - 11
12 - 15,0.22072607974619655,12 - 15
16 - 17,0.3208737626188376,16 - 17
18 - 19,0.3484032449102733,18 - 19
20 - 29,0.37323655599094515,20 - 29
30 - 39,0.4669876866277183,30 - 39
40 - 49,0.5309532116137535,40 - 49
50 - 59,0.5966258949654162,50 - 59
60 - 64,0.7097460729661919,60 - 64
65+,0.8082100861916182,65+
