Age Group Public,* Age Group Percent Vaccinated,Age Group Public
0 - 11,0.000004177205407810121,0 - 11
12 - 15,0.17596197755185426,12 - 15
16 - 17,0.2905272958933647,16 - 17
18 - 19,0.32563076854314257,18 - 19
20 - 29,0.35640743168179686,20 - 29
30 - 39,0.4503255842259007,30 - 39
40 - 49,0.5142319981836204,40 - 49
50 - 59,0.581471273792983,50 - 59
60 - 64,0.6960734543253507,60 - 64
65+,0.7993883758866018,65+
