Age Group Public,* Age Group Percent Vaccinated,Age Group Public
0 - 11,0.000006265808111715182,0 - 11
12 - 15,0.3010851539404427,12 - 15
16 - 17,0.37661717142017056,16 - 17
18 - 19,0.3901155384718529,18 - 19
20 - 29,0.40072187902367376,20 - 29
30 - 39,0.49512891512495946,30 - 39
40 - 49,0.5601731098300467,40 - 49
50 - 59,0.623346417734045,50 - 59
60 - 64,0.7323954662162822,60 - 64
65+,0.8202183183411278,65+
