Age Group Public,* Age Group Percent Vaccinated,Age Group Public
0 - 11,0.000006265808111715182,0 - 11
12 - 15,0.31265772586343645,12 - 15
16 - 17,0.3845927668332843,16 - 17
18 - 19,0.3953449393255414,18 - 19
20 - 29,0.4043614880097428,20 - 29
30 - 39,0.4994243954884778,30 - 39
40 - 49,0.5644565536413426,40 - 49
50 - 59,0.6271122955404211,50 - 59
60 - 64,0.7353633177456044,60 - 64
65+,0.8216036053631948,65+
