Age Group Public,* Age Group Percent Vaccinated,Age Group Public
0 - 11,0.000004177205407810121,0 - 11
12 - 15,0.17198428149109525,12 - 15
16 - 17,0.2883343134372243,16 - 17
18 - 19,0.32398820032627886,18 - 19
20 - 29,0.35530811172623447,20 - 29
30 - 39,0.4492149464459591,30 - 39
40 - 49,0.5131327563005665,40 - 49
50 - 59,0.580489311031643,50 - 59
60 - 64,0.6951752887309506,60 - 64
65+,0.7989055147444453,65+
,,
