Age Group Public,* Age Group Percent Vaccinated,Age Group Public
0 - 11,0.000006265808111715182,0 - 11
12 - 15,0.2763957987838585,12 - 15
16 - 17,0.3597716357933941,16 - 17
18 - 19,0.37962321496413167,18 - 19
20 - 29,0.3929359977316358,20 - 29
30 - 39,0.4868853456669912,30 - 39
40 - 49,0.5515563825250999,40 - 49
50 - 59,0.615738737165519,50 - 59
60 - 64,0.7259276976696508,60 - 64
65+,0.8168545665643073,65+
