Age Group Public,* Age Group Percent Vaccinated,Age Group Public
0 - 11,0.000004177205407810121,0 - 11
12 - 15,0.22323767635253684,12 - 15
16 - 17,0.3226992061158483,16 - 17
18 - 19,0.3496882472567993,18 - 19
20 - 29,0.374103461579581,20 - 29
30 - 39,0.46786503975981827,30 - 39
40 - 49,0.5316703492654185,40 - 49
50 - 59,0.5972586029301972,50 - 59
60 - 64,0.710473391844266,60 - 64
65+,0.8085790138058501,65+
