Age Group Public,* Age Group Percent Vaccinated,Age Group Public
0 - 11,0.000004177205407810121,0 - 11
12 - 15,0.23911240896964454,12 - 15
16 - 17,0.33330883073605807,16 - 17
18 - 19,0.35832569781214387,18 - 19
20 - 29,0.37978599285093408,20 - 29
30 - 39,0.473423300064914,30 - 39
40 - 49,0.5374794411310285,40 - 49
50 - 59,0.6028897038167476,50 - 59
60 - 64,0.7151106598588318,60 - 64
65+,0.8111199123254376,65+
