Age Group Public,* Age Group Percent Vaccinated,Age Group Public
0 - 11,0.000025063232446860727,0 - 11
12 - 15,0.3815343571995097,12 - 15
16 - 17,0.4364402626678428,16 - 17
18 - 19,0.4315931794310233,18 - 19
20 - 29,0.43769900480168086,20 - 29
30 - 39,0.5358446932814022,30 - 39
40 - 49,0.5975722536950586,40 - 49
50 - 59,0.6541441106277223,50 - 59
60 - 64,0.756792377307651,60 - 64
65+,0.8343478842724711,65+
