Age Group Public,* Age Group Percent Vaccinated,Age Group Public
0 - 11,0.000018797424335145543,0 - 11
12 - 15,0.3538827601124811,12 - 15
16 - 17,0.4143144173282368,16 - 17
18 - 19,0.4130556238407044,18 - 19
20 - 29,0.41883160649458708,20 - 29
30 - 39,0.5153435370009737,30 - 39
40 - 49,0.579076193798836,40 - 49
50 - 59,0.6392020793314555,50 - 59
60 - 64,0.7453554099833059,60 - 64
65+,0.8268427391790275,65+
