Age Group Public,* Age Group Percent Vaccinated,Age Group Public
0 - 11,0.000004177205407810121,0 - 11
12 - 15,0.20754921046939218,12 - 15
16 - 17,0.31156277565421938,16 - 17
18 - 19,0.3409837531007665,18 - 19
20 - 29,0.3682838058317413,20 - 29
30 - 39,0.46203545926647196,30 - 39
40 - 49,0.5259470924083088,40 - 49
50 - 59,0.5920273734773883,50 - 59
60 - 64,0.7059630385332565,60 - 64
65+,0.806000137443621,65+
