Age Group Public,* Age Group Percent Vaccinated,Age Group Public
0 - 11,0.000004177205407810121,0 - 11
12 - 15,0.21033119427019493,12 - 15
16 - 17,0.3132657061648535,16 - 17
18 - 19,0.34236932084832508,18 - 19
20 - 29,0.3691088768343304,20 - 29
30 - 39,0.4629660621551444,30 - 39
40 - 49,0.5268940463730556,40 - 49
50 - 59,0.592920757123659,50 - 59
60 - 64,0.7067196454198436,60 - 64
65+,0.8063545973082752,65+
