Age Group Public,* Age Group Percent Vaccinated,Age Group Public
0 - 11,0.000006265808111715182,0 - 11
12 - 15,0.29853149710385276,12 - 15
16 - 17,0.37487748701362347,16 - 17
18 - 19,0.3889087536594632,18 - 19
20 - 29,0.39974341453891318,20 - 29
30 - 39,0.49420338364167479,30 - 39
40 - 49,0.5591237076293478,40 - 49
50 - 59,0.622427725769183,50 - 59
60 - 64,0.7316144526559343,60 - 64
65+,0.819766201166824,65+
