Age Group Public,* Age Group Percent Vaccinated,Age Group Public
0 - 11,0.000004177205407810121,0 - 11
12 - 15,0.18608046722907205,12 - 15
16 - 17,0.297951582867784,16 - 17
18 - 19,0.3313183006682012,18 - 19
20 - 29,0.3611649537727824,20 - 29
30 - 39,0.45541981093800718,30 - 39
40 - 49,0.519135669153113,40 - 49
50 - 59,0.5857762187853526,50 - 59
60 - 64,0.699939471449073,60 - 64
65+,0.8007700459712743,65+
