Age Group Public,* Age Group Percent Vaccinated,Age Group Public
0 - 11,0.000004177205407810121,0 - 11
12 - 15,0.22518446415266664,12 - 15
16 - 17,0.3239120846809762,16 - 17
18 - 19,0.35062685766643578,18 - 19
20 - 29,0.37466358020387388,20 - 29
30 - 39,0.4684076801363194,30 - 39
40 - 49,0.5322518122262279,40 - 49
50 - 59,0.5977951392843314,50 - 59
60 - 64,0.7110103386670051,60 - 64
65+,0.808830390954763,65+
