Age Group Public,* Age Group Percent Vaccinated,Age Group Public
0 - 11,0.000006265808111715182,0 - 11
12 - 15,0.31557790756363116,12 - 15
16 - 17,0.38687150837988829,16 - 17
18 - 19,0.3963952890696583,18 - 19
20 - 29,0.405195855587009,20 - 29
30 - 39,0.500403176728335,30 - 39
40 - 49,0.5653508990524923,40 - 49
50 - 59,0.6279095075760451,50 - 59
60 - 64,0.7360125352676435,60 - 64
65+,0.8220358293818292,65+
