Age Group Public,* Age Group Percent Vaccinated,Age Group Public
0 - 11,0.000004177205407810121,0 - 11
12 - 15,0.21502391424519913,12 - 15
16 - 17,0.3166838184847594,16 - 17
18 - 19,0.3449951952086173,18 - 19
20 - 29,0.37101467464312778,20 - 29
30 - 39,0.46479683950016228,30 - 39
40 - 49,0.5286578173541774,40 - 49
50 - 59,0.5945101195311887,50 - 59
60 - 64,0.707988792455409,60 - 64
65+,0.807134047316775,65+
