Age Group Public,* Age Group Percent Vaccinated,Age Group Public
0 - 11,0.000004177205407810121,0 - 11
12 - 15,0.20648568750450647,12 - 15
16 - 17,0.31065617955503285,16 - 17
18 - 19,0.3401568820256107,18 - 19
20 - 29,0.367851515109258,20 - 29
30 - 39,0.4615131045115222,30 - 39
40 - 49,0.5254929975246291,40 - 49
50 - 59,0.5915946012294782,50 - 59
60 - 64,0.7055725317530825,60 - 64
65+,0.8058355667921744,65+
