Age Group Public,* Age Group Percent Vaccinated,Age Group Public
0 - 11,0.000004177205407810121,0 - 11
12 - 15,0.18750450645324105,12 - 15
16 - 17,0.29891943546015878,16 - 17
18 - 19,0.3317987798064675,18 - 19
20 - 29,0.3616716170926822,20 - 29
30 - 39,0.45584580899058749,30 - 39
40 - 49,0.5195731508093411,40 - 49
50 - 59,0.5861836827146715,50 - 59
60 - 64,0.7002860462164774,60 - 64
65+,0.8008839794991989,65+
