Age Group Public,* Age Group Percent Vaccinated,Age Group Public
0 - 11,0.000004177205407810121,0 - 11
12 - 15,0.20718869421010889,12 - 15
16 - 17,0.3112687444869156,16 - 17
18 - 19,0.3406820568976691,18 - 19
20 - 29,0.36810717091287717,20 - 29
30 - 39,0.4618249959428757,30 - 39
40 - 49,0.5257588091638563,40 - 49
50 - 59,0.5918426227516722,50 - 59
60 - 64,0.7057970731516826,60 - 64
65+,0.8059205648209435,65+
