Age Group Public,* Age Group Percent Vaccinated,Age Group Public
0 - 11,0.000004177205407810121,0 - 11
12 - 15,0.23044199293388133,12 - 15
16 - 17,0.32720768401450558,16 - 17
18 - 19,0.35331977562741637,18 - 19
20 - 29,0.37660888845504877,20 - 29
30 - 39,0.470210564751704,30 - 39
40 - 49,0.5341983287093184,40 - 49
50 - 59,0.5996603623645056,50 - 59
60 - 64,0.7126211791352227,60 - 64
65+,0.8096460103372071,65+
