Age Group Public,* Age Group Percent Vaccinated,Age Group Public
0 - 11,0.000004177205407810121,0 - 11
12 - 15,0.21757757108178914,12 - 15
16 - 17,0.31852151328040775,16 - 17
18 - 19,0.34661541555858496,18 - 19
20 - 29,0.37208842901832819,20 - 29
30 - 39,0.4658364776046738,30 - 39
40 - 49,0.529721063911086,40 - 49
50 - 59,0.5955072672836835,50 - 59
60 - 64,0.7088088566937744,60 - 64
65+,0.8076259508024176,65+
