Age Group Public,* Age Group Percent Vaccinated,Age Group Public
0 - 11,0.000025063232446860727,0 - 11
12 - 15,0.373723171581705,12 - 15
16 - 17,0.42971429971576988,16 - 17
18 - 19,0.42586095157217249,18 - 19
20 - 29,0.4320583081163745,20 - 29
30 - 39,0.5297691496267446,30 - 39
40 - 49,0.5922006434856766,40 - 49
50 - 59,0.6500112622017731,50 - 59
60 - 64,0.7535804590407201,60 - 64
65+,0.8314326327325601,65+
