Age Group Public,* Age Group Percent Vaccinated,Age Group Public
0 - 11,0.000004177205407810121,0 - 11
12 - 15,0.19803158122431323,12 - 15
16 - 17,0.30541262373811625,16 - 17
18 - 19,0.33606722238362349,18 - 19
20 - 29,0.3650509219877936,20 - 29
30 - 39,0.4590458657903278,30 - 39
40 - 49,0.5227490461238572,40 - 49
50 - 59,0.589159940981001,50 - 59
60 - 64,0.7030098310081909,60 - 64
65+,0.802229480209927,65+
