Age Group Public,* Age Group Percent Vaccinated,Age Group Public
0 - 11,0.000004177205407810121,0 - 11
12 - 15,0.2354591775422405,12 - 15
16 - 17,0.33084631970988928,16 - 17
18 - 19,0.3563143897914944,18 - 19
20 - 29,0.3785007414018305,20 - 29
30 - 39,0.4720692348263551,30 - 39
40 - 49,0.5360036327590695,40 - 49
50 - 59,0.6014673763119199,50 - 59
60 - 64,0.7140074782048403,60 - 64
65+,0.8105538616232092,65+
