Age Group Public,* Age Group Percent Vaccinated,Age Group Public
0 - 11,0.000018797424335145543,0 - 11
12 - 15,0.317789073953902,12 - 15
16 - 17,0.3883539155150446,16 - 17
18 - 19,0.3972333340782622,18 - 19
20 - 29,0.4060069817275825,20 - 29
30 - 39,0.5013312439143135,30 - 39
40 - 49,0.5662175557512225,40 - 49
50 - 59,0.6286333254877545,50 - 59
60 - 64,0.7367252101414611,60 - 64
65+,0.8223830553716945,65+
