Age Group Public,* Age Group Percent Vaccinated,Age Group Public
0 - 11,0.000004177205407810121,0 - 11
12 - 15,0.21905568774485063,12 - 15
16 - 17,0.31967313535234739,16 - 17
18 - 19,0.34759872170201358,18 - 19
20 - 29,0.3726462234989518,20 - 29
30 - 39,0.4664222249269718,30 - 39
40 - 49,0.5303136023568632,40 - 49
50 - 59,0.5960589886289724,50 - 59
60 - 64,0.7093165155080005,60 - 64
65+,0.807899029575697,65+
