Age Group Public,* Age Group Percent Vaccinated,Age Group Public
0 - 11,0.000006265808111715182,0 - 11
12 - 15,0.2795563246569087,12 - 15
16 - 17,0.36163383318631778,16 - 17
18 - 19,0.3810199566451382,18 - 19
20 - 29,0.39388889663603446,20 - 29
30 - 39,0.4877677702044791,30 - 39
40 - 49,0.5523898127689266,40 - 49
50 - 59,0.6165283567055656,50 - 59
60 - 64,0.7267184738995031,60 - 64
65+,0.8173573208621332,65+
