Age Group Public,* Age Group Percent Vaccinated,Age Group Public
0 - 11,0.000006265808111715182,0 - 11
12 - 15,0.2936825534164924,12 - 15
16 - 17,0.3714471233950799,16 - 17
18 - 19,0.3865845755022683,18 - 19
20 - 29,0.3978469133047928,20 - 29
30 - 39,0.49203535783836419,30 - 39
40 - 49,0.5567950869148682,40 - 49
50 - 59,0.6201879395738585,50 - 59
60 - 64,0.7297449014458514,60 - 64
65+,0.8189126039417384,65+
