Age Group Public,* Age Group Percent Vaccinated,Age Group Public
0 - 11,0.000006265808111715182,0 - 11
12 - 15,0.27428077006272985,12 - 15
16 - 17,0.35830147995687547,16 - 17
18 - 19,0.37851699555277448,18 - 19
20 - 29,0.3923665825326658,20 - 29
30 - 39,0.48623367007465109,30 - 39
40 - 49,0.550833707130951,40 - 49
50 - 59,0.6151136216963153,50 - 59
60 - 64,0.7253419374993898,60 - 64
65+,0.8165652115727529,65+
