Age Group Public,* Age Group Percent Vaccinated,Age Group Public
0 - 11,0.000018797424335145543,0 - 11
12 - 15,0.3245667796284279,12 - 15
16 - 17,0.39345045574830936,16 - 17
18 - 19,0.39988155630545066,18 - 19
20 - 29,0.40829393909813929,20 - 29
30 - 39,0.5041458739045764,30 - 39
40 - 49,0.5688175258474131,40 - 49
50 - 59,0.6306984842847996,50 - 59
60 - 64,0.7383214066054222,60 - 64
65+,0.8233957978421351,65+
