Age Group Public,* Age Group Percent Vaccinated,Age Group Public
0 - 11,0.000006265808111715182,0 - 11
12 - 15,0.29570144446847887,12 - 15
16 - 17,0.37281926884249735,16 - 17
18 - 19,0.38760140344604107,18 - 19
20 - 29,0.3985766944169421,20 - 29
30 - 39,0.4928011400519312,30 - 39
40 - 49,0.5576506681286307,40 - 49
50 - 59,0.6210129907599329,50 - 59
60 - 64,0.7303745936288819,60 - 64
65+,0.819254404525512,65+
