Age Group Public,* Age Group Percent Vaccinated,Age Group Public
0 - 11,0.000006265808111715182,0 - 11
12 - 15,0.2826687816953878,12 - 15
16 - 17,0.363937077330197,16 - 17
18 - 19,0.38253961159407337,18 - 19
20 - 29,0.39471396763862356,20 - 29
30 - 39,0.4887110516066212,30 - 39
40 - 49,0.5533312289911895,40 - 49
50 - 59,0.6173635312190764,50 - 59
60 - 64,0.7275238941336119,60 - 64
65+,0.8177895448807676,65+
